email,name,street,city,state,zip,dob,dl_id,exp_date
rcandy0@hud.gov,Riane Candy,21835 Lindbergh Pass,Buffalo,NY,14215,02/16/2000,G78674125,06/02/2022
bflacke1@loc.gov,Brandais Flacke,54 Cordelia Place,Apache Junction,AZ,85219,08/08/1979,A59157230,09/07/2021
lluis2@comsenz.com,Lorin Luis,5 Pierstorff Court,Sacramento,CA,95828,08/16/1979,X31109100,11/05/2025
kotowey3@newsvine.com,Kile O'Towey,87273 Merrick Terrace,San Francisco,CA,94154,04/10/2000,Y36088970,02/25/2029
vkingsnoad4@sogou.com,Velma Kingsnoad,9 Lakeland Center,San Diego,CA,92196,08/26/1999,I97753757,03/13/2025
jizatt5@nationalgeographic.com,Joeann Izatt,69 Walton Place,Los Angeles,CA,90040,08/30/2002,L54617371,12/27/2022
iripon6@netlog.com,Isaiah Ripon,73935 Shelley Road,Rochester,NY,14683,08/26/1977,K24198583,10/29/2025
mramshaw7@cam.ac.uk,Mellicent Ramshaw,7895 Tony Terrace,Sacramento,CA,95813,03/14/2003,J37641421,03/12/2025
hchalliner8@europa.eu,Hamlen Challiner,27849 Toban Avenue,Pasadena,CA,91131,11/09/1993,Y36895219,03/22/2022
nmcillrick9@tumblr.com,Nikolaos McIllrick,6790 Lotheville Avenue,Scottsdale,AZ,85255,05/16/1976,P24221418,04/03/2030
cmcgougana@admin.ch,Carlyle McGougan,2 Hovde Lane,Oakland,CA,94611,08/25/1983,T15753460,01/08/2026
lpoulterb@digg.com,Lindon Poulter,0655 Corben Avenue,Bakersfield,CA,93386,04/11/1959,P43841656,06/18/2026
grabbec@zimbio.com,Guillermo Rabbe,04 Erie Crossing,Huntington Beach,CA,92648,08/03/1955,T10167816,05/01/2021
ajaskiewiczd@cyberchimps.com,Adrianna Jaskiewicz,44196 Springview Park,Palatine,IL,60078,06/19/1992,D20845815,03/15/2021
iscaddone@reddit.com,Izabel Scaddon,2832 Golf View Crossing,Denver,CO,80217,03/29/1982,L98728821,02/20/2028
echessillf@economist.com,Editha Chessill,5473 Buhler Hill,Jamaica,NY,11436,02/03/1980,F63634248,05/07/2023
emawsong@booking.com,Emelina Mawson,93 Eagan Circle,Tucson,AZ,85705,01/20/1985,Y74511184,04/22/2024
ashackesbyh@dell.com,Athena Shackesby,77769 Bellgrove Alley,Sacramento,CA,94230,07/07/1966,G69812205,10/08/2022
amechemi@macromedia.com,Anallise Mechem,3871 Buhler Court,Fresno,CA,93773,12/13/1963,Q25024088,09/04/2023
oguerryj@unblog.fr,Oliy Guerry,00 Sachtjen Junction,Corona,CA,92883,10/28/1962,H17162795,11/15/2029
ctaffeek@harvard.edu,Claribel Taffee,6 Fisk Parkway,Denver,CO,80223,02/28/1995,W29299250,10/17/2020
amolloyl@independent.co.uk,Arabele Molloy,973 Scoville Court,San Bernardino,CA,92410,12/22/1955,I85747235,09/23/2027
jsilberm@auda.org.au,Janey Silber,734 Cascade Crossing,Buffalo,NY,14233,01/24/1984,P28068005,02/15/2028
fperrynn@about.me,Ferrel Perryn,7 Texas Crossing,Berkeley,CA,94712,02/13/1980,U47839165,08/27/2022
nkaleweo@wufoo.com,Ninetta Kalewe,3 Ryan Junction,Fresno,CA,93750,07/30/1954,H61302962,08/22/2021
kmaddersp@hostgator.com,Kim Madders,56802 Summerview Avenue,Sacramento,CA,95833,09/06/2000,U06557740,10/14/2027
mjanickiq@cdc.gov,Mattie Janicki,172 Talmadge Court,Pueblo,CO,81010,09/10/1973,C26427674,02/14/2027
cblanpeinr@taobao.com,Codi Blanpein,167 Mcguire Center,Moreno Valley,CA,92555,09/26/1983,B51885203,06/05/2023
jmarielles@csmonitor.com,Jess Marielle,0084 Cherokee Alley,New York City,NY,10105,03/18/1984,H23798137,02/03/2023
dmulrooneyt@vkontakte.ru,Delmer Mulrooney,474 Larry Alley,New York City,NY,10029,01/05/1985,W19353814,08/14/2024
lmunnu@cafepress.com,Lavinie Munn,7153 Springs Terrace,San Jose,CA,95108,03/31/1996,A85974242,10/28/2029
bpeterv@mtv.com,Beverie Peter,8 Logan Avenue,San Jose,CA,95128,05/04/1955,M06456584,02/24/2024
srichardssonw@amazon.co.jp,Shelley Richardsson,6 Stang Way,Los Angeles,CA,90050,10/14/1991,U19188103,04/04/2021
mfarishx@bigcartel.com,Marcel Farish,0775 Dottie Point,Mesa,AZ,85215,07/04/1999,H74948445,09/04/2027
mstarmery@howstuffworks.com,Masha Starmer,0200 Chinook Lane,Rochester,NY,14639,07/20/1981,D58176743,11/27/2022
rleverittz@slate.com,Roobbie Leveritt,63 Straubel Street,Riverside,CA,92513,06/05/1966,E02681983,01/27/2029
atidbald10@apache.org,Alica Tidbald,8 Kingsford Hill,San Jose,CA,95155,05/17/1995,J61793721,08/22/2029
rcarlile11@feedburner.com,Rustin Carlile,8 Everett Avenue,Glendale,AZ,85305,01/18/1960,F02128119,02/22/2023
charrisson12@ed.gov,Carlin Harrisson,18 La Follette Avenue,Bronx,NY,10454,11/22/1965,V07525780,06/10/2027
hlukasik13@ycombinator.com,Haskel Lukasik,00631 West Alley,Irvine,CA,92612,09/19/1971,G47609672,12/22/2020
lriley14@jigsy.com,Leonhard Riley,7 David Hill,Joliet,IL,60435,06/10/1999,R31321180,09/17/2023
rsaterthwait15@example.com,Roxanne Saterthwait,95 Kedzie Park,New York City,NY,10170,04/03/1972,P73010311,03/04/2021
wurwen16@furl.net,Wheeler Urwen,4431 Marcy Center,Carol Stream,IL,60158,04/25/1974,X12373922,02/26/2029
ospurriar17@addthis.com,Osbourn Spurriar,48 Menomonie Plaza,Sacramento,CA,94297,06/04/2000,Q21356894,08/13/2025
binggall18@jiathis.com,Beale Inggall,70 Kenwood Crossing,Boulder,CO,80328,08/14/2003,M22069807,05/25/2020
dwhenham19@blogspot.com,Darci Whenham,8 Chive Trail,Pomona,CA,91797,06/15/1969,J25979607,06/19/2029
spawlata1a@lulu.com,Shawna Pawlata,42562 Pawling Park,Tucson,AZ,85732,03/06/1958,N46054609,09/24/2029
wberan1b@disqus.com,Warde Beran,84 8th Lane,Berkeley,CA,94712,11/15/1994,H33650074,01/05/2027
asweetlove1c@msu.edu,Aurea Sweetlove,91816 Meadow Vale Avenue,Mesa,AZ,85205,06/22/1991,J39444641,02/09/2028
ssnazel1d@spiegel.de,Shell Snazel,0 Fuller Junction,Los Angeles,CA,90071,10/17/1970,T94852151,11/18/2027
fescala1e@nationalgeographic.com,Fritz Escala,91 Boyd Terrace,Stockton,CA,95210,08/01/1970,K63338681,09/30/2028
wtowse1f@globo.com,Wynnie Towse,3154 Merrick Lane,Brea,CA,92822,01/15/1994,Z67769760,05/30/2029
jkynsey1g@fastcompany.com,Jameson Kynsey,8 Tennessee Terrace,Santa Cruz,CA,95064,10/20/1971,A21369361,01/08/2028
jmonkman1h@ebay.co.uk,Joachim Monkman,229 Old Gate Drive,North Hollywood,CA,91616,12/29/1961,G18139554,07/07/2022
gbicheno1i@mail.ru,Gwenny Bicheno,6245 Westend Trail,East Saint Louis,IL,62205,07/26/1971,T78396693,08/11/2023
ldupre1j@shop-pro.jp,Lancelot Dupre,16 Prairieview Street,New Hyde Park,NY,11044,03/05/1970,O22075693,06/28/2027
hblodg1k@google.co.jp,Harmonia Blodg,25 New Castle Pass,Elmira,NY,14905,08/31/1960,K10537283,05/16/2020
cmckevin1l@github.com,Casar McKevin,24 Green Ridge Park,Fullerton,CA,92640,09/05/1975,D55198501,01/05/2028
jbahl1m@cyberchimps.com,Jared Bahl,040 Anzinger Plaza,Simi Valley,CA,93094,04/21/1968,S97902658,06/11/2029
bmeardon1n@taobao.com,Burch Meardon,30536 Riverside Road,Long Beach,CA,90810,10/13/1967,I14149594,08/02/2025
mbalke1o@privacy.gov.au,Marabel Balke,6 Hanover Alley,San Diego,CA,92196,07/04/2003,N61220348,07/14/2020
crobberts1p@goodreads.com,Charlena Robberts,62 Wayridge Center,Colorado Springs,CO,80925,03/26/1995,T65793103,10/11/2020
ngrinter1q@yelp.com,Nannette Grinter,6530 Dixon Trail,Orange,CA,92867,07/01/1987,T64545923,11/08/2029
vridoutt1r@statcounter.com,Violante Ridoutt,45492 Nancy Drive,Brooklyn,NY,11225,08/12/1973,I40734518,10/13/2023
wsailer1s@alibaba.com,Wyatt Sailer,597 Moulton Trail,Sacramento,CA,95865,06/23/1966,F95335895,05/03/2022
sbowstead1t@nature.com,Salvidor Bowstead,3 Grasskamp Hill,Torrance,CA,90505,03/07/2001,Z65153709,08/30/2025
cmiko1u@pagesperso-orange.fr,Cari Miko,1 Oakridge Road,Tucson,AZ,85748,03/04/1994,F00186946,11/07/2026
kesposi1v@sohu.com,Krishnah Esposi,02 Village Green Court,San Jose,CA,95113,07/22/1973,J27519422,01/12/2025
rkryzhov1w@oracle.com,Royce Kryzhov,68 Loeprich Point,San Jose,CA,95138,01/07/1977,R71308887,04/28/2024
kpawels1x@imageshack.us,Kit Pawels,9245 Birchwood Pass,Pasadena,CA,91103,06/17/1961,N40393508,08/15/2025
atithecote1y@nhs.uk,Anetta Tithecote,035 Paget Plaza,Albany,NY,12237,09/18/2004,Y43537714,04/10/2021
pfranzonello1z@fema.gov,Port Franzonello,0011 Ridgeview Place,Chicago,IL,60697,02/02/1973,D74101183,07/17/2028
bjustice20@blogs.com,Beale Justice,569 Corry Pass,San Diego,CA,92196,08/24/1982,U25533067,09/16/2027
rblabie21@flavors.me,Rebbecca Blabie,6 Stephen Junction,Buffalo,NY,14215,04/17/1985,Q18725756,10/10/2024
crivers22@ebay.com,Carlina Rivers,35 Kim Park,San Jose,CA,95133,12/10/1969,O70847193,08/31/2022
alaherty23@dion.ne.jp,Aridatha Laherty,8 Brentwood Point,Tucson,AZ,85725,02/04/1959,M16190754,01/30/2030
lmantrup24@intel.com,Lark Mantrup,956 Corry Park,Rochester,NY,14639,08/16/1983,Y48617865,10/13/2028
bleverington25@jalbum.net,Byran Leverington,44 Buhler Terrace,Glendale,AZ,85305,11/22/1989,Q13652142,03/01/2021
mdarcy26@twitpic.com,Missy d'Arcy,59814 Katie Parkway,Chula Vista,CA,91913,06/24/1959,F57997565,01/09/2029
rguitte27@omniture.com,Robinet Guitte,5115 Boyd Hill,Oakland,CA,94605,12/14/2001,V68967697,12/19/2023
sjellings28@who.int,Sylvester Jellings,2 Grim Pass,Chicago,IL,60686,07/26/1978,X83418000,02/14/2024
torrin29@ezinearticles.com,Teena Orrin,67335 Doe Crossing Circle,Santa Cruz,CA,95064,12/27/1992,I79255125,06/27/2022
fjacques2a@bing.com,Filia Jacques,25407 Manley Hill,Oxnard,CA,93034,07/27/1978,W92385072,09/21/2027
apinyon2b@hp.com,Ashil Pinyon,9 Corben Junction,Buffalo,NY,14205,01/25/1974,S40390694,08/15/2021
aextil2c@1und1.de,Alaster Extil,5493 Wayridge Hill,Torrance,CA,90510,08/09/1961,D85828268,05/14/2026
drudgley2d@free.fr,Delmor Rudgley,20 La Follette Way,Pasadena,CA,91125,01/20/1975,O81713674,02/22/2028
ccroxon2e@friendfeed.com,Celisse Croxon,7 Declaration Center,Mountain View,CA,94042,12/23/1994,C93954016,10/20/2028
pperacco2f@facebook.com,Penrod Peracco,89 Waywood Plaza,Bloomington,IL,61709,02/23/1990,M87917305,06/22/2026
rrubinsztein2g@icq.com,Rianon Rubinsztein,97 Cascade Circle,Jamaica,NY,11431,01/23/2002,D15680375,01/07/2026
abrownsworth2h@irs.gov,Afton Brownsworth,53 Sunnyside Road,Corona,CA,92878,08/23/1966,G37978344,09/09/2025
tcarillo2i@amazon.co.uk,Terrell Carillo,1567 Helena Street,Syracuse,NY,13224,12/28/1989,I28260942,01/23/2028
cbrowett2j@nsw.gov.au,Claresta Browett,31 Hagan Park,New York City,NY,10004,01/27/1960,H94177609,02/01/2025
gferdinand2k@umich.edu,Gratiana Ferdinand,1 6th Plaza,Chicago,IL,60641,08/23/1998,H40293856,06/11/2028
bkobsch2l@booking.com,Barby Kobsch,4 Buell Junction,Phoenix,AZ,85015,08/18/1973,C55557552,10/09/2028
vcaurah2m@gmpg.org,Vonny Caurah,951 Maple Wood Plaza,Sacramento,CA,95818,01/28/1999,K40874605,08/03/2025
wmordie2n@wikispaces.com,Winny Mordie,75 Havey Center,New York City,NY,10249,01/01/1999,H25822955,08/25/2023
ttailour2o@dot.gov,Taddeo Tailour,2852 Havey Alley,New York City,NY,10004,01/11/1976,H95594585,07/23/2027
vbennitt2p@hud.gov,Vita Bennitt,57421 Nobel Drive,San Francisco,CA,94142,03/26/1994,B83126323,11/03/2022
acoulston2q@berkeley.edu,Alden Coulston,4830 Prairie Rose Park,Peoria,AZ,85383,11/21/1959,M91266993,10/24/2024
mmontier2r@woothemes.com,Moishe Montier,9364 Division Circle,Pasadena,CA,91125,08/09/1992,N68936048,08/05/2027
cmetzig2s@java.com,Cicily Metzig,1 Swallow Road,New York City,NY,10039,04/23/1998,Q56237862,06/26/2021
mgerrit2t@archive.org,Mychal Gerrit,3 Clarendon Parkway,Chicago,IL,60681,09/06/1969,S67887541,12/26/2021
abeecker2u@furl.net,Ariel Beecker,319 Clarendon Drive,Santa Monica,CA,90405,01/11/1996,L01741701,02/10/2030
cbalaizot2v@sfgate.com,Cthrine Balaizot,1773 Sachs Junction,Phoenix,AZ,85045,12/16/1978,V68361252,07/25/2021
bklaas2w@imageshack.us,Becca Klaas,8045 Eggendart Place,Los Angeles,CA,90101,08/05/1985,U32951540,12/19/2028
jstaves2x@4shared.com,Juanita Staves,9 Acker Street,Los Angeles,CA,90060,10/21/2002,E97377888,05/17/2026
cshillabear2y@theglobeandmail.com,Conn Shillabear,3301 Pennsylvania Alley,Buffalo,NY,14215,05/18/1955,Z88864754,02/17/2024
bgratland2z@google.co.jp,Benny Gratland,4 Lawn Court,Sacramento,CA,95823,02/03/1986,G33492902,05/31/2026
pcrevy30@deliciousdays.com,Phyllys Crevy,8299 Mandrake Lane,Denver,CO,80241,01/02/1965,D36883342,03/09/2026
efranciotti31@mediafire.com,Emlyn Franciotti,8 Acker Hill,Los Angeles,CA,90081,04/20/1989,C40082986,09/19/2025
mmicklem32@ezinearticles.com,Meta Micklem,65651 Sutherland Pass,New York City,NY,10034,03/06/1968,Q62476018,03/23/2026
rstaley33@about.me,Rozelle Staley,33 Welch Park,San Jose,CA,95155,04/22/1999,O52903332,05/18/2024
yklimkowski34@dropbox.com,Yank Klimkowski,8 Marquette Place,Fresno,CA,93773,07/28/1989,J61249369,12/26/2025
rdowner35@printfriendly.com,Reynard Downer,2804 Dovetail Plaza,Albany,NY,12205,09/07/1992,P34769637,02/10/2030
mlarrat36@behance.net,Meta Larrat,2 Delladonna Parkway,Littleton,CO,80127,04/22/1964,Z54345203,10/01/2020
mshipley37@squarespace.com,Michael Shipley,35 Heath Pass,Tucson,AZ,85732,02/06/2002,U18747144,07/28/2022
jchalcroft38@elegantthemes.com,Janeen Chalcroft,9 Jana Trail,Littleton,CO,80127,10/25/1990,W45107848,02/17/2025
ecoller39@i2i.jp,Ethelyn Coller,28 Nova Parkway,Bakersfield,CA,93381,10/13/1977,M36762109,05/29/2025
dbertl3a@weather.com,Dean Bertl,9 Morrow Junction,Schenectady,NY,12305,01/23/1959,V15333294,09/19/2027
dmackilpatrick3b@naver.com,Delila Mackilpatrick,125 International Street,Buffalo,NY,14220,06/24/1995,Q82993379,04/08/2028
jmcguggy3c@goo.gl,Jorgan McGuggy,42294 Rowland Circle,Chicago,IL,60652,04/11/1983,Z11486079,07/01/2024
rheberden3d@sitemeter.com,Rod Heberden,90259 Eggendart Parkway,San Jose,CA,95155,04/06/1963,L18157805,09/20/2027
kloachhead3e@dailymotion.com,Krissy Loachhead,251 Eggendart Center,New York City,NY,10170,07/26/1979,E99812821,11/11/2020
chindsberg3f@illinois.edu,Candy Hindsberg,47 Jackson Plaza,Los Angeles,CA,90101,02/15/1968,E66766451,12/29/2020
dbysouth3g@tumblr.com,Danila Bysouth,60 Old Gate Way,North Hollywood,CA,91606,06/06/1959,D54993192,03/20/2023
jtrowle3h@timesonline.co.uk,Jacinta Trowle,12914 Rockefeller Center,Tucson,AZ,85748,04/28/1989,G14480198,11/24/2020
akigelman3i@dyndns.org,Augustus Kigelman,89 Vidon Court,Lancaster,CA,93584,08/15/1960,Y04818433,02/19/2021
chawtin3j@blogs.com,Claresta Hawtin,549 Graceland Parkway,Bakersfield,CA,93305,12/21/1978,U80554317,07/23/2024
agianuzzi3k@wsj.com,Alisun Gianuzzi,8 Emmet Point,Santa Monica,CA,90405,05/06/1973,E81414073,06/14/2026
btipton3l@cafepress.com,Brendan Tipton,1 John Wall Circle,Colorado Springs,CO,80951,12/29/1968,N40198698,12/31/2024
thockell3m@alibaba.com,Tandy Hockell,407 Prairieview Parkway,Denver,CO,80217,06/06/1958,N74610807,07/03/2021
sgiraldo3n@4shared.com,Sarita Giraldo,17 Nelson Plaza,Denver,CO,80235,03/18/1998,B07459817,09/25/2026
oloader3o@photobucket.com,Oby Loader,82284 Hagan Park,Chicago,IL,60636,10/23/1996,C32606794,12/19/2029
dpearl3p@gravatar.com,Demetri Pearl,6 Butternut Plaza,Chicago,IL,60614,03/27/2005,J68847433,12/24/2023
darnke3q@dot.gov,Deonne Arnke,3072 Golf Place,New York City,NY,10009,07/09/1994,S63623532,09/30/2022
kcoultish3r@examiner.com,Krisha Coultish,9073 Old Gate Point,Buffalo,NY,14205,11/24/1995,B95237395,01/28/2027
ldancey3s@weather.com,Levy Dancey,8 Summerview Center,Sacramento,CA,94237,02/19/1965,G55922671,01/04/2026
khuitt3t@imageshack.us,Kailey Huitt,17 Carey Trail,Albany,NY,12247,01/08/1961,O78599037,02/05/2030
ptinto3u@acquirethisname.com,Philly Tinto,9556 Comanche Parkway,Albany,NY,12205,01/09/1982,F80825939,04/14/2027
sstigers3v@google.com.hk,Stanislaus Stigers,37554 Northwestern Crossing,Los Angeles,CA,90060,12/26/1966,D24046637,10/18/2027
cprobets3w@unblog.fr,Chlo Probets,35728 Northview Plaza,Chula Vista,CA,91913,06/11/1963,D73554728,11/09/2023
vvautier3x@dailymail.co.uk,Vasilis Vautier,921 Lien Point,Phoenix,AZ,85099,01/07/1965,U45827574,03/08/2026
ekenningham3y@youku.com,Edwina Kenningham,19 Sutherland Avenue,San Francisco,CA,94169,08/29/1966,G09740029,05/12/2027
ldacombe3z@springer.com,Larry Dacombe,99902 Independence Hill,Riverside,CA,92505,10/11/1957,A02134125,10/04/2024
rrockhall40@jugem.jp,Reba Rockhall,29762 Ohio Trail,Bronx,NY,10459,02/11/1979,J61368098,08/24/2026
hjenkyn41@goo.ne.jp,Husein Jenkyn,934 Steensland Way,Rockford,IL,61110,07/30/1989,H39620006,12/18/2022
lbrissard42@yelp.com,Loria Brissard,1 Gerald Road,Phoenix,AZ,85099,12/12/1997,L66814011,03/08/2025
dvasichev43@redcross.org,Dolli Vasichev,91 Meadow Vale Park,Chicago,IL,60630,06/21/1993,Q15422961,08/22/2025
kbullimore44@themeforest.net,Kirstin Bullimore,9698 Magdeline Drive,East Saint Louis,IL,62205,10/13/1983,L30725702,01/14/2021
amannering45@seattletimes.com,Adelaida Mannering,295 Macpherson Court,Orange,CA,92862,05/16/1974,X92985697,09/09/2025
tsollon46@ezinearticles.com,Tracey Sollon,1 Doe Crossing Court,Englewood,CO,80150,03/02/1994,E87599027,07/21/2028
aandreev47@nyu.edu,Alberik Andreev,67 Lakewood Center,Fresno,CA,93704,01/24/2002,N92745036,11/04/2029
rdevericks48@salon.com,Roselin Devericks,2915 Knutson Alley,Littleton,CO,80126,03/07/1962,N13054540,01/24/2024
mjeremaes49@google.nl,Megan Jeremaes,0194 Schiller Park,Phoenix,AZ,85040,08/05/2000,P06246581,05/17/2020
fklempke4a@ebay.com,Franklin Klempke,3 Forest Crossing,Pueblo,CO,81005,09/18/2001,T17229268,04/04/2027
npridham4b@examiner.com,Nance Pridham,21 Schurz Point,Aurora,CO,80044,04/13/1962,X22144263,10/07/2022
arushmare4c@live.com,Alonzo Rushmare,2771 Cordelia Place,Chicago,IL,60674,08/02/1988,W09555695,07/27/2028
plerner4d@bloomberg.com,Philippine Lerner,38427 Northland Point,Syracuse,NY,13205,03/11/1977,M64730035,05/09/2022
ohoulston4e@t.co,Olvan Houlston,82 Boyd Terrace,Chicago,IL,60691,05/14/1998,P03578830,07/09/2022
lassel4f@dedecms.com,Lyda Assel,6346 Magdeline Park,Santa Ana,CA,92705,07/04/1971,P13667798,10/02/2020
wstutter4g@cmu.edu,Wye Stutter,13553 Knutson Road,Scottsdale,AZ,85271,02/13/1997,Z40320708,08/02/2028
pmulvagh4h@time.com,Parke Mulvagh,2 Brickson Park Alley,Pueblo,CO,81015,06/05/1963,Z93042956,09/22/2028
lrainford4i@google.ru,Loella Rainford,60 Dakota Drive,Long Beach,CA,90840,01/03/1987,M59644619,02/28/2022
bkuzma4j@google.fr,Biddy Kuzma,74 Claremont Way,Bronx,NY,10464,09/21/1962,F31759513,06/05/2021
smaffy4k@businessinsider.com,Sibilla Maffy,61 Sachs Way,Palmdale,CA,93591,08/28/2001,D56433880,11/22/2024
vort4l@ow.ly,Vin Ort,00 Hazelcrest Crossing,Scottsdale,AZ,85271,05/22/1968,Q00278216,09/30/2024
mtithecote4m@cbsnews.com,Martin Tithecote,6 Nelson Terrace,San Diego,CA,92132,08/14/1965,M51027110,06/05/2021
lchurcher4n@merriam-webster.com,Luella Churcher,653 Veith Alley,Phoenix,AZ,85005,10/12/1968,T15342045,10/14/2027
mmedina4o@cargocollective.com,Marcy Medina,636 Loeprich Hill,Schenectady,NY,12325,02/03/1957,T42867569,12/02/2025
amcnelis4p@vinaora.com,Anny McNelis,4 Logan Court,San Francisco,CA,94154,11/06/1966,T36918424,06/03/2029
jhamshere4q@privacy.gov.au,Janice Hamshere,34 Hooker Avenue,New York City,NY,10014,09/18/1994,D37493814,10/05/2024
zparman4r@opera.com,Zonda Parman,00 Blackbird Road,Phoenix,AZ,85072,03/10/1974,Q89779358,07/03/2023
aeveral4s@icq.com,Arri Everal,25942 Victoria Court,Oceanside,CA,92056,01/18/1963,R87019600,12/02/2025
aturl4t@gmpg.org,Augusta Turl,5331 Rigney Street,New York City,NY,10292,02/07/1983,M14262778,12/18/2021
ayakebowitch4u@wisc.edu,Ariel Yakebowitch,338 Crest Line Hill,Oakland,CA,94627,02/15/1991,F97445899,03/24/2023
brantoul4v@fotki.com,Becca Rantoul,08 Farmco Avenue,Brooklyn,NY,11254,10/30/1985,H02727440,07/09/2021
bsayers4w@360.cn,Bianca Sayers,96 Katie Plaza,Chicago,IL,60624,06/17/1995,D24777792,08/17/2028
mbrasseur4x@ucoz.com,Mirella Brasseur,4293 Miller Park,San Diego,CA,92176,07/19/1954,M73721315,03/26/2029
vkimbly4y@globo.com,Vasilis Kimbly,9 Burrows Drive,Los Angeles,CA,90030,03/03/1961,T52159180,10/03/2028
lbalducci4z@booking.com,Lavinia Balducci,0 Lien Plaza,Bakersfield,CA,93305,07/16/1975,Q90579161,08/02/2025
zlampbrecht50@paginegialle.it,Zelig Lampbrecht,6906 Alpine Trail,Oakland,CA,94627,11/29/1975,N48854501,06/15/2020
lward51@gravatar.com,Loreen Ward,8775 Kenwood Place,Aurora,CO,80045,04/07/1971,M34792949,06/27/2027
mbrocking52@privacy.gov.au,Murdoch Brocking,70153 Anniversary Center,Jamaica,NY,11447,06/21/1964,S10620774,04/16/2025
aalday53@reverbnation.com,Abdel Alday,639 Charing Cross Hill,Concord,CA,94522,09/02/1992,R44995832,01/04/2024
swoller54@pcworld.com,Sidonnie Woller,439 Goodland Place,Chicago,IL,60669,07/22/1962,N59639054,12/12/2029
mimpey55@businessweek.com,Madelon Impey,116 Corben Crossing,Jamaica,NY,11431,08/05/2004,B32923528,07/30/2022
cnetting56@quantcast.com,Caitlin Netting,8 Lake View Park,Chicago,IL,60630,12/12/1966,S56633210,08/07/2028
schaney57@upenn.edu,Sayers Chaney,8 Nancy Terrace,San Jose,CA,95133,03/17/1965,K52536264,06/16/2027
mprandoni58@cornell.edu,Marin Prandoni,7577 Holmberg Avenue,Long Beach,CA,90840,06/14/1982,P71976097,10/27/2028
rbuckney59@google.cn,Reg Buckney,4338 Victoria Point,Los Angeles,CA,90025,04/24/1979,U36473764,08/26/2022
kmoriarty5a@cyberchimps.com,Karlotta Moriarty,71951 Carberry Way,Corona,CA,92878,07/11/1991,G06727089,07/28/2029
gjaray5b@livejournal.com,Gwenny Jaray,785 Towne Parkway,Colorado Springs,CO,80910,11/04/1994,J22805411,08/06/2020
ihansmann5c@berkeley.edu,Ikey Hansmann,22247 Bluestem Point,Van Nuys,CA,91499,06/07/1983,U99572338,08/11/2027
kstonier5d@goo.ne.jp,Kriste Stonier,1 Nova Pass,Buffalo,NY,14205,07/13/1977,O05956965,07/09/2021
ncastletine5e@engadget.com,Nannette Castletine,0 Iowa Center,Redwood City,CA,94064,07/29/1976,E79110158,07/12/2023
gcrohan5f@yale.edu,Garfield Crohan,6133 Pankratz Park,Jamaica,NY,11431,05/22/1963,Y82841799,10/22/2028
ubinestead5g@ow.ly,Ulick Binestead,5266 Memorial Point,Pueblo,CO,81015,04/29/1978,L37741647,09/10/2020
gmunslow5h@harvard.edu,Gib Munslow,1151 Stang Alley,Buffalo,NY,14263,11/11/1998,Q88455314,06/06/2024
dpledger5i@lycos.com,Dwayne Pledger,67240 Delladonna Parkway,Van Nuys,CA,91411,04/19/1974,J75994813,12/12/2028
gdoniso5j@princeton.edu,Gabriele Doniso,04 David Drive,Mount Vernon,NY,10557,08/27/1963,A71750187,10/19/2025
ncheine5k@booking.com,Norrie Cheine,2463 Jenna Center,Denver,CO,80204,01/05/1983,O95101745,04/03/2021
jmarquand5l@archive.org,Junina Marquand,373 American Ash Place,Mountain View,CA,94042,12/31/1974,J76224864,05/27/2020
bbraithwaite5m@ning.com,Beaufort Braithwaite,390 Oak Crossing,Modesto,CA,95354,08/09/1996,L65623484,11/09/2023
fpechard5n@constantcontact.com,Far Pechard,5396 Orin Plaza,San Francisco,CA,94147,12/23/1964,S33561227,01/10/2030
rtaveriner5o@engadget.com,Ricky Taveriner,1381 Raven Crossing,Moreno Valley,CA,92555,07/03/1991,A89998423,08/07/2020
awallsworth5p@example.com,Alva Wallsworth,82549 Springs Alley,New York City,NY,10260,01/21/2001,S22853406,03/27/2030
jkeddie5q@ox.ac.uk,Joseph Keddie,3615 Emmet Drive,San Diego,CA,92137,04/01/1973,D19287750,06/04/2024
gdalessio5r@hatena.ne.jp,Gerhard D'Alessio,83 Bayside Crossing,San Jose,CA,95138,10/30/1996,J46412585,03/24/2029
pbaglow5s@rakuten.co.jp,Pietra Baglow,391 Armistice Center,Stockton,CA,95298,06/02/1997,M33114244,02/17/2025
msnar5t@vinaora.com,Marianna Snar,550 Havey Circle,Peoria,AZ,85383,10/21/1979,R87065815,04/03/2028
gmacrory5u@kickstarter.com,Gabriel MacRory,16 Warbler Way,Ventura,CA,93005,02/10/1973,M03638302,11/20/2026
cdayes5v@soundcloud.com,Celia Dayes,08132 Jenifer Crossing,Tucson,AZ,85737,12/07/1989,G65273550,06/13/2024
amessiter5w@theguardian.com,Astrid Messiter,5 Springview Street,San Jose,CA,95138,09/23/1983,Z46390932,06/08/2022
tmckeady5x@samsung.com,Tann McKeady,6 Lakewood Gardens Street,Sacramento,CA,94291,02/03/2001,O94603200,09/01/2021
nblethin5y@is.gd,Nerissa Blethin,32489 Oak Center,Sacramento,CA,95833,07/22/1976,Q53327106,10/11/2022
asheffield5z@tinyurl.com,Artemis Sheffield,3893 Grover Parkway,Los Angeles,CA,90040,05/02/1991,K48217314,09/03/2025
dnesby60@ucoz.ru,Dalt Nesby,296 Main Court,Buffalo,NY,14220,02/19/1973,R83373512,04/20/2026
gde61@sourceforge.net,Gilbertina De Cruz,3 Briar Crest Hill,Chicago,IL,60657,10/12/1956,B76503427,06/11/2022
hscardefield62@who.int,Holli Scardefield,694 Tennyson Parkway,New York City,NY,10004,11/07/1994,H24901838,10/11/2024
cnormadell63@canalblog.com,Claudette Normadell,4 Schurz Court,San Francisco,CA,94142,05/13/1974,Y56761912,07/10/2029
jworg64@oaic.gov.au,Jaimie Worg,04302 Holmberg Road,Denver,CO,80279,03/02/1980,R44600149,10/31/2021
islee65@aboutads.info,Isabeau Slee,766 6th Alley,Santa Monica,CA,90405,08/07/1972,H38294330,08/31/2025
rsmullen66@scribd.com,Roi Smullen,3 Village Green Street,Los Angeles,CA,90045,06/27/1977,W56044380,09/22/2026
apadbury67@hp.com,Arline Padbury,2 Coolidge Court,Albany,NY,12205,01/10/1995,N02819322,09/16/2029
lcurgenuer68@ftc.gov,Lindsy Curgenuer,20 Carberry Terrace,Peoria,IL,61605,02/25/1963,U11259278,03/15/2023
lgoward69@disqus.com,Lucas Goward,31 Bluestem Parkway,Sacramento,CA,95865,09/09/1965,F54977663,05/24/2027
wtytterton6a@t-online.de,Wit Tytterton,6 Service Pass,Long Beach,CA,90810,12/25/2004,V28224882,03/02/2022
mfrancesconi6b@washington.edu,Moria Francesconi,94 Londonderry Lane,Fresno,CA,93721,08/08/1954,C84858705,10/18/2023
rfetherby6c@printfriendly.com,Rand Fetherby,9 Stoughton Alley,Rochester,NY,14652,01/27/1956,K51842702,06/23/2024
mcraigie6d@comsenz.com,Magdalene Craigie,2885 Carpenter Trail,Buffalo,NY,14263,07/06/1978,X96672031,03/27/2027
ibirden6e@arizona.edu,Iris Birden,48696 Glacier Hill Terrace,Long Beach,CA,90810,08/05/1954,O89375508,08/25/2023
jmorriarty6f@linkedin.com,Jolee Morriarty,05823 Hoepker Crossing,Denver,CO,80204,01/29/1979,X53945469,09/05/2027
pbrowncey6g@bloomberg.com,Peria Browncey,58887 Warbler Way,Los Angeles,CA,90050,11/21/2001,D02697375,03/09/2021
omactrustie6h@g.co,Orbadiah MacTrustie,4610 Grover Point,Sacramento,CA,95838,09/15/1959,Z40611832,03/03/2024
tmollon6i@qq.com,Teddy Mollon,312 Kipling Center,Burbank,CA,91520,07/17/1966,U45529560,02/11/2028
lmc6j@mapy.cz,Lydon Mc Andrew,8 Arrowood Court,Santa Barbara,CA,93150,07/05/1960,D32335663,07/14/2021
sadame6k@shop-pro.jp,Shell Adame,4935 Sheridan Point,Joliet,IL,60435,11/14/1971,Y53052897,12/03/2027
ccoplestone6l@dion.ne.jp,Casey Coplestone,78348 Service Circle,Colorado Springs,CO,80925,03/31/1992,F58213516,08/27/2029
svogl6m@themeforest.net,Sosanna Vogl,74 Aberg Alley,Colorado Springs,CO,80995,03/26/2004,G45051160,11/29/2029
bolrenshaw6n@youtube.com,Bobby Olrenshaw,306 Gina Alley,Oakland,CA,94627,10/10/1984,T80232678,09/17/2022
bguppie6o@eventbrite.com,Blanch Guppie,4284 Arapahoe Point,San Francisco,CA,94137,01/06/1982,V23444532,07/14/2022
ppinyon6p@zimbio.com,Peggi Pinyon,3786 Mockingbird Junction,San Diego,CA,92121,11/23/1994,E43432899,07/12/2020
lpowdrill6q@ocn.ne.jp,Lina Powdrill,1 Sachtjen Terrace,Bakersfield,CA,93399,01/30/1969,A45169096,10/12/2028
keriksson6r@lycos.com,Kelbee Eriksson,8 Ohio Park,Syracuse,NY,13224,04/29/1991,J92200975,07/12/2028
spawlyn6s@1und1.de,Sherill Pawlyn,3659 Eliot Trail,Schenectady,NY,12325,03/16/1958,Q29040674,05/25/2026
tcoetzee6t@over-blog.com,Tressa Coetzee,2 3rd Park,San Diego,CA,92115,09/13/1983,U07080688,02/24/2027
aledgley6u@sina.com.cn,Alika Ledgley,882 Grasskamp Crossing,Chico,CA,95973,09/19/1970,X72607190,02/27/2027
ktorrent6v@freewebs.com,Kiley Torrent,2925 Dwight Circle,San Jose,CA,95118,06/20/1965,H38421580,07/29/2027
aswenson6w@friendfeed.com,Averyl Swenson,96 Paget Terrace,New York City,NY,10115,11/26/1954,M89196058,03/06/2021
emcgrotty6x@boston.com,Egbert McGrotty,85941 Cordelia Parkway,Jamaica,NY,11447,04/01/1974,Y73429102,01/11/2023
taldritt6y@surveymonkey.com,Tani Aldritt,281 Shoshone Crossing,Bakersfield,CA,93386,05/29/1969,F92963511,02/22/2021
cdash6z@yandex.ru,Carie Dash,5 Dryden Hill,Long Beach,CA,90847,10/21/1978,Q11408144,03/31/2027
fgooder70@mozilla.com,Fina Gooder,512 Boyd Circle,Denver,CO,80249,01/26/1979,Z55622195,05/09/2030
ejensen71@tripadvisor.com,Eldridge Jensen,69 Kings Drive,Stockton,CA,95219,11/10/1967,M63490889,05/05/2025
frollinshaw72@wordpress.com,Frederik Rollinshaw,14 Cardinal Lane,Tucson,AZ,85720,04/27/1978,W21743904,08/18/2027
bcornforth73@webeden.co.uk,Brien Cornforth,7 Bunting Parkway,Peoria,IL,61605,03/30/1993,S37976181,09/26/2027
asimonin74@themeforest.net,Arnie Simonin,8 Brown Parkway,Aurora,CO,80045,03/23/2005,E51552909,09/07/2021
pwormstone75@unicef.org,Pris Wormstone,32441 School Point,Utica,NY,13505,11/01/1974,J19602052,02/28/2026
kdrohun76@redcross.org,Karna Drohun,603 Boyd Point,Northridge,CA,91328,05/16/1990,V97929469,06/11/2022
ldyter77@cisco.com,Lazar Dyter,32 Pankratz Way,Boulder,CO,80328,06/28/1998,D28537515,03/30/2028
dlabell78@ed.gov,Dulcinea Labell,76999 Union Crossing,Phoenix,AZ,85015,10/24/2001,W37471182,06/28/2024
hmcelwee79@quantcast.com,Hewe McElwee,11 Havey Road,Denver,CO,80241,04/15/1986,Q87296392,02/01/2030
pcrutcher7a@jalbum.net,Pippy Crutcher,55529 Bunting Point,Buffalo,NY,14225,07/29/1961,Q35562905,04/24/2023
pdryden7b@hostgator.com,Philly Dryden,17441 Ridgeview Drive,Rochester,NY,14683,11/18/1993,D02134585,06/04/2028
gemmens7c@jalbum.net,Guinevere Emmens,88 Dahle Avenue,Santa Ana,CA,92725,04/15/1975,O08243663,02/04/2024
wbarter7d@chicagotribune.com,Wang Barter,73509 Stephen Drive,New York City,NY,10019,01/05/1955,G16340834,10/27/2027
trowlings7e@topsy.com,Tandy Rowlings,8 Knutson Place,Fullerton,CA,92835,03/10/1966,C72584257,03/10/2029
mcremer7f@ameblo.jp,Maryellen Cremer,301 Karstens Trail,Los Angeles,CA,90060,09/17/1976,I31746574,04/09/2027
mbewick7g@globo.com,Mickie Bewick,3986 Crowley Junction,Stockton,CA,95219,02/23/1955,I61439019,06/24/2020
mgilbertson7h@imdb.com,Maurise Gilbertson,41 Waywood Place,Denver,CO,80241,01/23/1979,B97130854,07/23/2025
bjammes7i@exblog.jp,Bev Jammes,918 Lien Drive,Albany,NY,12242,06/17/1999,X60319522,01/29/2021
gbruggen7j@youku.com,Gabrila Bruggen,9754 Boyd Place,San Diego,CA,92186,09/08/1966,J10993038,07/08/2021
oduester7k@surveymonkey.com,Orv Duester,319 Kennedy Center,Jamaica,NY,11436,04/15/1979,P17347163,03/10/2025
ahirschmann7l@wikispaces.com,Ashton Hirschmann,469 Declaration Terrace,San Francisco,CA,94142,12/30/1982,O51951698,11/17/2028
aheffernon7m@surveymonkey.com,Aida Heffernon,18 Carpenter Road,Brooklyn,NY,11225,08/12/1980,V90744177,03/22/2030
gsterricks7n@dropbox.com,Goldie Sterricks,21019 Warner Place,Oakland,CA,94605,06/29/1984,F94264659,02/09/2025
pmapowder7o@blogger.com,Patrice Mapowder,03069 Onsgard Plaza,Los Angeles,CA,90076,05/04/1976,V56622453,10/05/2021
dwibrow7p@geocities.jp,Derron Wibrow,14 Carpenter Parkway,Sacramento,CA,94207,01/26/1991,G32112908,09/03/2027
nblais7q@ucoz.ru,Nichole Blais,7710 Loftsgordon Lane,Oceanside,CA,92056,10/20/1956,T73563398,09/25/2024
cbotha7r@ibm.com,Cheri Botha,6345 Hovde Place,Fresno,CA,93778,02/09/1984,X58105771,09/16/2020
ssmeeton7s@surveymonkey.com,Samara Smeeton,3044 Melody Hill,Fresno,CA,93762,01/17/1980,Q31642959,07/17/2024
gjikovsky7t@cmu.edu,Georgianne Jikovsky,328 Comanche Circle,Syracuse,NY,13217,10/23/1964,J14853036,11/11/2022
dgrimley7u@instagram.com,Dino Grimley,29209 Saint Paul Way,Pasadena,CA,91186,06/09/1965,U14459206,05/20/2022
nrebillard7v@zdnet.com,Nessi Rebillard,85 Continental Point,Mesa,AZ,85210,01/21/1993,C81127251,11/26/2024
rpitrasso7w@google.cn,Rosalie Pitrasso,9 Blue Bill Park Center,San Diego,CA,92110,10/09/2000,O16688356,09/07/2023
hocurrane7x@salon.com,Harriot O'Currane,6097 Center Hill,Phoenix,AZ,85005,01/29/1968,T19281253,04/01/2025
bbydaway7y@xrea.com,Babs Bydaway,81 Spohn Hill,New York City,NY,10184,07/26/1996,R40998064,11/27/2023
npledge7z@quantcast.com,Nonah Pledge,0611 Maywood Lane,Sunnyvale,CA,94089,09/08/1970,V81031003,11/24/2026
ohaldon80@ucla.edu,Odette Haldon,27637 Sunbrook Street,Sunnyvale,CA,94089,09/26/1972,X24196268,04/24/2025
cchedgey81@fotki.com,Claire Chedgey,225 Stone Corner Circle,Colorado Springs,CO,80920,01/09/1975,F28796260,06/01/2020
bfowlston82@ihg.com,Blinni Fowlston,42 Mendota Drive,Pasadena,CA,91109,04/11/1970,R43024216,01/26/2027
adurgan83@4shared.com,Adrianna Durgan,90578 Laurel Way,Brooklyn,NY,11236,09/17/1974,J60831049,08/13/2021
rmusso84@nps.gov,Rayshell Musso,0860 Forest Point,Aurora,IL,60505,03/21/1992,M12357252,05/06/2024
vrable85@springer.com,Vannie Rable,807 Dahle Pass,Santa Cruz,CA,95064,09/21/1979,V99517703,01/14/2027
aquartermaine86@php.net,Ange Quartermaine,8551 Village Green Point,New York City,NY,10280,11/05/1996,M95889363,07/05/2026
gwalworche87@dedecms.com,Guilbert Walworche,0 Ohio Drive,Peoria,AZ,85383,07/23/1955,L87360043,04/06/2025
dgazzard88@ifeng.com,Deanna Gazzard,468 Sherman Hill,Phoenix,AZ,85020,11/11/1988,V58424299,09/17/2026
rholsall89@over-blog.com,Ranique Holsall,22 Esch Parkway,Phoenix,AZ,85045,01/06/1979,R05256035,12/30/2026
eduffy8a@dion.ne.jp,Eleonora Duffy,45525 Parkside Street,Bronx,NY,10459,06/09/2001,S96441652,07/28/2028
glavelle8b@blinklist.com,Granthem Lavelle,6 Mcbride Center,Rochester,NY,14604,07/17/1996,Y82608054,07/16/2021
churche8c@163.com,Cassie Hurche,6612 Colorado Circle,Colorado Springs,CO,80905,05/24/1981,I29843895,10/09/2024
sstrattan8d@altervista.org,Stearne Strattan,41544 Victoria Drive,Great Neck,NY,11024,03/25/1999,E48553637,08/14/2023
avaughanhughes8e@usa.gov,Abrahan Vaughan-Hughes,98 Hazelcrest Park,Hayward,CA,94544,06/12/1981,U69298608,09/13/2025
gdoddemeade8f@japanpost.jp,Gladi Doddemeade,376 Forest Hill,New York City,NY,10125,10/05/1957,P40358329,04/14/2023
slocard8g@goo.gl,Salmon Locard,02474 Holmberg Center,San Jose,CA,95128,01/19/1956,R53378167,08/30/2022
slindberg8h@cloudflare.com,Staford Lindberg,06 Pleasure Hill,Brooklyn,NY,11247,06/08/2000,H06878417,05/12/2027
eeusden8i@loc.gov,Eleanora Eusden,2333 Texas Pass,Denver,CO,80223,11/23/1997,M12784574,01/24/2026
dtolefree8j@ocn.ne.jp,Damita Tolefree,5 Orin Place,Glendale,AZ,85305,03/16/1975,C98172846,10/24/2023
kdukelow8k@gravatar.com,Kania Dukelow,207 Mesta Terrace,Santa Barbara,CA,93106,03/05/1984,T34040742,06/22/2026
abru8l@utexas.edu,Allianora Bru,351 Dayton Crossing,Ventura,CA,93005,02/03/2002,R74242932,06/13/2022
kumpleby8m@ameblo.jp,Kary Umpleby,114 Hanover Way,Jamaica,NY,11431,01/15/1955,O84850402,01/11/2028
mstannah8n@virginia.edu,Myrtice Stannah,6 Anderson Crossing,New York City,NY,10004,07/01/1958,K63266116,12/27/2023
nberrecloth8o@gov.uk,Nike Berrecloth,8288 Prairieview Plaza,Phoenix,AZ,85005,04/15/1977,U68997360,07/24/2023
lstutard8p@canalblog.com,Livia Stutard,45 Jenna Court,Chicago,IL,60646,04/10/2004,C28682434,12/10/2021
hlaffoleylane8q@live.com,Hillie Laffoley-Lane,0400 Mosinee Junction,San Diego,CA,92145,07/27/1976,B13592313,11/19/2025
bjeannet8r@tmall.com,Brenn Jeannet,76035 Havey Junction,San Diego,CA,92115,09/19/1979,W84355049,02/27/2027
dpeppin8s@paypal.com,Deina Peppin,68 Helena Pass,Brooklyn,NY,11231,10/15/1958,M33934360,07/30/2023
wquarlis8t@comcast.net,Winny Quarlis,6409 Waywood Place,Fresno,CA,93750,04/26/1957,R20279275,11/17/2021
dantonsen8u@loc.gov,Dreddy Antonsen,47322 Corben Lane,Grand Junction,CO,81505,11/04/1958,W06664710,07/05/2027
sbleyman8v@noaa.gov,Simmonds Bleyman,613 Graceland Point,Bakersfield,CA,93399,06/15/1982,V43501519,02/18/2029
mcapron8w@blogs.com,Manya Capron,6 Menomonie Park,Rochester,NY,14639,05/15/1983,W66090771,01/27/2022
oboam8x@bloglovin.com,Ollie Boam,183 Granby Parkway,New York City,NY,10175,02/03/1957,Z67353286,12/20/2024
awookey8y@discuz.net,Angelina Wookey,41 Clemons Center,Bronx,NY,10459,08/22/1961,G90945885,11/23/2029
adunnet8z@google.fr,Ashlan Dunnet,5254 Maywood Circle,Mountain View,CA,94042,12/18/1954,V51999025,09/15/2022
gcapstake90@creativecommons.org,Gorden Capstake,514 Moose Crossing,Colorado Springs,CO,80925,08/19/1971,N84257008,01/12/2030
bolechnowicz91@issuu.com,Bernita Olechnowicz,9 Dorton Point,Denver,CO,80249,10/03/1958,A57890049,05/16/2027
lsize92@csmonitor.com,Loralee Size,4487 Mandrake Point,Irvine,CA,92619,01/25/1967,U39576437,01/14/2025
swootton93@patch.com,Shelia Wootton,3 Mallard Drive,Albany,NY,12247,09/20/1997,V95813891,12/06/2022
hgouda94@examiner.com,Hildegaard Gouda,3323 Rockefeller Way,San Diego,CA,92186,04/06/1975,M47913531,08/10/2022
msteinhammer95@cnn.com,Melantha Steinhammer,7 East Drive,San Jose,CA,95128,05/21/1963,F81461208,02/22/2029
ajosephov96@businessweek.com,Arda Josephov,7 Homewood Center,Whittier,CA,90610,01/10/1963,A84093191,10/13/2029
vmonget97@alexa.com,Vassili Monget,16998 Drewry Parkway,Brooklyn,NY,11236,12/30/1980,A55497611,12/18/2023
ssabbins98@sbwire.com,Shir Sabbins,1 Buena Vista Hill,Los Angeles,CA,90081,10/01/1986,H47005989,06/07/2021
fcollard99@acquirethisname.com,Francois Collard,0 Nevada Point,Denver,CO,80209,01/11/2000,I15826822,01/28/2028
ccheverell9a@icq.com,Cordi Cheverell,0 Division Junction,San Jose,CA,95150,11/15/2003,T20492532,03/12/2025
nsiaspinski9b@ning.com,Nicky Siaspinski,67991 Pond Terrace,Colorado Springs,CO,80915,05/04/1962,D48211971,12/18/2029
dlace9c@toplist.cz,Dante Lace,19 Continental Park,Los Angeles,CA,90030,05/14/2000,T39074635,07/31/2029
bvan9d@homestead.com,Bevin Van den Dael,066 Charing Cross Terrace,Peoria,AZ,85383,10/11/1962,J31355775,12/18/2027
opetrillo9e@ovh.net,Oliver Petrillo,82 Thierer Road,New York City,NY,10045,10/28/1977,O25970002,04/22/2022
apach9f@vinaora.com,Alix Pach,6 Monterey Parkway,Rochester,NY,14624,01/09/1964,X17857178,04/17/2021
jshieldon9g@sciencedaily.com,Jerrie Shieldon,398 Montana Plaza,Aurora,CO,80044,02/22/2000,X03745697,06/26/2021
mbowcock9h@netvibes.com,Miranda Bowcock,58767 Prentice Street,Sacramento,CA,94207,09/19/1958,D80406988,01/24/2022
nfassam9i@spiegel.de,Nerissa Fassam,7 Petterle Pass,Peoria,IL,61640,04/06/1958,C12880248,01/31/2025
jo9j@homestead.com,Janella O' Hogan,44610 Badeau Alley,Burbank,CA,91520,11/28/1996,P07414479,07/02/2028
llarchiere9k@over-blog.com,Lynsey Larchiere,81 Fairfield Alley,Fresno,CA,93715,07/16/1981,N20437642,03/24/2025
dtester9l@bloglovin.com,Daphene Tester,82926 Village Drive,New York City,NY,10260,01/18/2000,Y96325956,03/31/2023
jhunnywell9m@blogger.com,Joly Hunnywell,91032 Clarendon Alley,San Francisco,CA,94169,03/24/1970,Z13934635,09/13/2026
bburbidge9n@theatlantic.com,Brietta Burbidge,1 Killdeer Avenue,Albany,NY,12205,12/20/1955,E24486557,10/08/2020
rthurstance9o@dailymail.co.uk,Rina Thurstance,5253 American Crossing,Buffalo,NY,14220,03/09/1973,U38086126,07/08/2021
spelzer9p@illinois.edu,Saunders Pelzer,11256 Bartelt Pass,New York City,NY,10249,03/12/1970,X81542467,09/05/2025
iwhinney9q@typepad.com,Isadore Whinney,294 Mccormick Road,Boulder,CO,80305,09/19/1977,A66102911,06/01/2026
jrudman9r@ox.ac.uk,Jeanette Rudman,2 Walton Avenue,Visalia,CA,93291,08/09/1992,X61099262,09/15/2023
kbutchard9s@bing.com,Kerrill Butchard,695 Hansons Point,Visalia,CA,93291,12/23/2002,X60241542,11/27/2022
lbelhome9t@odnoklassniki.ru,Lucretia Belhome,8 Mayer Hill,San Jose,CA,95123,08/03/2004,F85695654,01/08/2021
gkensett9u@ocn.ne.jp,Guinevere Kensett,61 Tony Park,Decatur,IL,62525,08/18/2002,K58174712,01/03/2021
hvon9v@jiathis.com,Hamlin Von Welden,7185 Westerfield Hill,Buffalo,NY,14215,12/19/1985,W01743370,04/20/2021
ebrixey9w@imgur.com,Estell Brixey,97 Jenifer Trail,Bakersfield,CA,93311,04/03/1988,L30574075,08/14/2028
cglamart9x@cafepress.com,Charity Glamart,37 Lawn Alley,Modesto,CA,95397,04/15/1981,D81648989,01/07/2023
gtatchell9y@paginegialle.it,Giralda Tatchell,837 Eliot Hill,San Jose,CA,95118,09/21/1982,T56936475,05/01/2030
khows9z@hatena.ne.jp,Kalie Hows,8628 Packers Circle,Los Angeles,CA,90010,11/01/1973,L72861223,11/26/2028
tguillea0@illinois.edu,Terrance Guille,8174 Myrtle Center,Albany,NY,12227,05/08/1963,J81478436,12/26/2024
sinnocentia1@networkadvertising.org,Sheri Innocenti,42 Bowman Circle,San Jose,CA,95173,04/23/1963,S80666849,05/05/2028
sclissella2@google.ca,Shepperd Clissell,833 Graceland Parkway,Hicksville,NY,11854,12/14/1994,U14262704,09/20/2026
wheka3@rakuten.co.jp,Waly Hek,5 Upham Terrace,Phoenix,AZ,85025,09/28/1986,X64118400,08/12/2020
sespasaa4@a8.net,Sherline Espasa,15222 Carberry Point,Colorado Springs,CO,80915,08/15/1960,C14663874,06/15/2024
dgartenfelda5@alibaba.com,Danie Gartenfeld,62 Fairview Alley,Colorado Springs,CO,80925,03/03/1965,S23194795,06/22/2028
wthebeaua6@purevolume.com,Wells Thebeau,907 2nd Road,Chicago,IL,60663,09/06/1998,W94543538,08/24/2025
nlongbonea7@mashable.com,Nickolai Longbone,30 Sauthoff Avenue,New York City,NY,10203,08/02/1957,J43528248,01/31/2030
boa8@howstuffworks.com,Blake O' Mara,86530 Maple Alley,Colorado Springs,CO,80925,06/04/1974,F44561106,11/22/2027
ispinneya9@shop-pro.jp,Iggie Spinney,7179 Clove Way,Salinas,CA,93907,08/12/1971,D10405887,10/21/2020
bcapinaa@ucla.edu,Budd Capin,84004 Algoma Center,Phoenix,AZ,85099,02/22/1982,J08413662,09/01/2022
mgeroab@t.co,Mureil Gero,84481 Warbler Terrace,Long Beach,CA,90805,07/02/1964,B15726149,08/29/2025
erodolfiac@mashable.com,Edeline Rodolfi,73831 Chinook Street,Fresno,CA,93709,03/12/2003,P19141945,05/26/2022
tbendixenad@ycombinator.com,Tillie Bendixen,2570 Graceland Crossing,Peoria,AZ,85383,07/26/1993,G90139756,01/30/2022
lfrillae@goo.ne.jp,Lonee Frill,9 Cody Way,Corona,CA,92883,06/08/1973,S06797764,08/26/2022
wpardieaf@webmd.com,Walther Pardie,11819 Hauk Pass,Utica,NY,13505,05/25/1972,G80899665,07/05/2026
gcrosbieag@shinystat.com,Gaylor Crosbie,9 Roxbury Hill,Santa Barbara,CA,93150,08/30/1963,K35961014,02/19/2021
dcabraraah@xinhuanet.com,Darsey Cabrara,72 Susan Terrace,New York City,NY,10270,04/21/2001,X76987290,09/04/2025
mspowageai@mediafire.com,Mel Spowage,76817 Loomis Point,Rochester,NY,14619,11/25/1971,Q09540904,04/20/2022
cmenguyaj@phpbb.com,Corny Menguy,496 Garrison Park,New York City,NY,10009,05/10/1993,W80518491,03/23/2021
vpicklesak@wsj.com,Vernen Pickles,86584 New Castle Drive,Phoenix,AZ,85035,06/05/1965,S89272561,03/27/2025
vleworthyal@disqus.com,Vidovic Leworthy,086 Gina Alley,Anaheim,CA,92825,01/29/1998,P13146492,06/02/2029
tjochananyam@pen.io,Temp Jochanany,36 Stephen Court,Scottsdale,AZ,85260,01/22/2005,F04275762,01/30/2030
escolean@photobucket.com,Evie Scole,92 Hermina Circle,Orange,CA,92867,10/29/1956,Y87709666,07/28/2020
lguyerao@bloglovin.com,Lynn Guyer,15969 Linden Pass,Oceanside,CA,92056,11/23/2001,F27121807,01/17/2027
lshewonap@engadget.com,Lauren Shewon,1294 Sundown Trail,Mount Vernon,NY,10557,03/27/1968,V47668807,03/16/2023
cgettenaq@admin.ch,Car Getten,7 Buell Place,Albany,NY,12237,07/07/2002,N63704920,11/28/2023
eculmerar@usnews.com,Elinore Culmer,2 Parkside Park,Van Nuys,CA,91406,11/24/1972,W90254605,02/20/2021
ywhitebrookas@sogou.com,Yehudi Whitebrook,1539 Declaration Center,Rockford,IL,61105,01/18/1963,V96553447,01/06/2021
gmcwhinnieat@usgs.gov,Giacinta McWhinnie,7 Summer Ridge Road,New York City,NY,10292,05/20/1995,X51517663,09/01/2026
aellisonau@tiny.cc,Alvinia Ellison,31 Barnett Parkway,Rochester,NY,14604,03/20/1969,F29859689,11/29/2027
qaxtenav@parallels.com,Querida Axten,54072 Fremont Plaza,Peoria,IL,61635,01/26/1977,Q67962894,11/24/2029
bgirardoniaw@miibeian.gov.cn,Brady Girardoni,5582 Cordelia Terrace,Oakland,CA,94611,12/05/1984,G48852801,07/04/2027
escipseyax@amazon.de,Eydie Scipsey,77 Utah Place,Santa Barbara,CA,93111,11/26/1997,R84508066,10/19/2026
etimmensay@rediff.com,Ermina Timmens,672 Lakewood Street,Denver,CO,80217,12/04/1961,P05353723,04/05/2027
dducastelaz@bing.com,Dorie Ducastel,98 Forster Place,San Diego,CA,92145,06/25/1962,D20145304,02/12/2021
mcawtherayb0@ox.ac.uk,Misty Cawtheray,57 Manley Avenue,Santa Cruz,CA,95064,10/25/1982,D12441243,07/27/2020
peasenb1@ning.com,Paton Easen,9415 Ruskin Place,Petaluma,CA,94975,09/11/1971,J27802526,01/28/2026
csurgeonb2@mit.edu,Catha Surgeon,03 Delaware Center,North Hollywood,CA,91616,05/10/2000,P65395642,06/06/2022
cholsteinb3@scientificamerican.com,Carolan Holstein,5758 Johnson Place,Peoria,IL,61640,07/05/1980,H99650069,06/28/2022
lretchlessb4@wordpress.com,Letisha Retchless,1169 Ilene Plaza,Oakland,CA,94605,05/18/1969,T92024091,06/08/2029
byitzoviczb5@dedecms.com,Berenice Yitzovicz,97223 Crownhardt Crossing,Springfield,IL,62705,12/17/1965,B78424802,08/08/2024
bdeknevetb6@sitemeter.com,Betty deKnevet,7154 Forest Center,Peoria,IL,61651,10/18/1992,Q39086533,10/17/2025
cmonksfieldb7@seesaa.net,Clayborne Monksfield,80 Di Loreto Pass,Richmond,CA,94807,11/11/2004,C75874736,05/11/2025
rpetrovskyb8@acquirethisname.com,Russell Petrovsky,75936 Warbler Center,Pasadena,CA,91186,04/03/1990,N53832557,06/21/2024
sfitzsymonsb9@jimdo.com,Shae Fitzsymons,7 Hovde Avenue,Staten Island,NY,10305,09/14/1976,G68658890,08/27/2024
dduntonba@seesaa.net,Darby Dunton,4 Lake View Hill,Colorado Springs,CO,80915,01/08/1970,H18108061,12/20/2025
mtompkinsonbb@yahoo.co.jp,Maridel Tompkinson,82 Fulton Park,Champaign,IL,61825,09/15/1990,R00429657,05/22/2026
hhundaybc@businessweek.com,Hilarius Hunday,0824 Northland Lane,Buffalo,NY,14269,08/14/1980,S97762237,11/09/2028
tbangleybd@tamu.edu,Talyah Bangley,56 Goodland Crossing,Sacramento,CA,94291,02/16/1989,K06087289,03/16/2026
fortlerbe@marriott.com,Frederick Ortler,504 Continental Terrace,Irvine,CA,92612,09/30/1962,P51736761,07/12/2025
ebroxupbf@blog.com,Elinor Broxup,38103 Green Ridge Parkway,New York City,NY,10125,05/08/1999,A80709358,12/12/2024
nlockhurstbg@theglobeandmail.com,Nate Lockhurst,2911 Macpherson Center,Rochester,NY,14652,08/14/1961,G10850256,04/18/2025
awhawellbh@wunderground.com,Ana Whawell,52981 Redwing Lane,Chicago,IL,60624,12/23/1995,V76066974,12/29/2025
kalbistonbi@xrea.com,Katrina Albiston,8505 1st Junction,Peoria,IL,61605,11/24/1976,H76954080,02/17/2026
aqueyeirobj@nps.gov,Arleen Queyeiro,020 6th Plaza,Los Angeles,CA,90189,11/04/1969,I38178334,07/25/2025
dblachfordbk@chicagotribune.com,Debbi Blachford,7 Erie Road,Peoria,IL,61605,03/19/1995,U28932073,10/29/2025
cchevinsbl@1und1.de,Carlos Chevins,56 Manitowish Road,San Diego,CA,92105,10/11/1959,W43918901,09/23/2024
asteetbm@ovh.net,Annemarie Steet,31966 Straubel Trail,Phoenix,AZ,85035,03/01/1961,S21909235,10/06/2028
kpetrillobn@wunderground.com,Kincaid Petrillo,82 Maryland Pass,Utica,NY,13505,10/22/1966,U62289320,05/21/2024
rbonafacinobo@infoseek.co.jp,Rosette Bonafacino,6 Weeping Birch Pass,San Francisco,CA,94110,02/25/1955,G90626046,11/24/2027
rgammelbp@shutterfly.com,Rowen Gammel,45117 Grasskamp Center,Brooklyn,NY,11225,12/11/1999,D96406041,08/25/2021
bbayntonbq@ezinearticles.com,Bernie Baynton,920 Banding Point,Brea,CA,92822,05/24/1954,J93196899,07/24/2026
aspinettibr@mit.edu,Arni Spinetti,31431 Veith Road,Riverside,CA,92505,03/14/1986,A02776314,03/03/2026
aportwainebs@list-manage.com,Artemas Portwaine,73 Summit Way,Stockton,CA,95298,02/15/1970,Z43600022,02/09/2022
mchazierbt@about.com,Mort Chazier,9079 Shoshone Court,Sacramento,CA,95823,05/01/1962,R99097292,06/15/2021
egoodanewbu@dedecms.com,Elianora Goodanew,77 Fordem Pass,San Diego,CA,92145,02/02/1980,P17031327,02/12/2029
kdebv@state.tx.us,Karalynn de Guerre,96510 Southridge Way,Chicago,IL,60646,02/14/1971,H47339459,11/10/2024
aberthbw@google.com.br,Ardath Berth,412 Eagan Point,Whittier,CA,90605,10/08/1975,Y76844739,05/04/2026
iblacktinbx@nifty.com,Isidoro Blacktin,87 Rigney Trail,Oakland,CA,94627,04/28/1996,U18985263,11/11/2022
cleby@github.io,Cass Le Teve,1682 Myrtle Street,Corona,CA,92883,02/05/2004,W80002675,08/07/2025
cmouatbz@mapy.cz,Codee Mouat,079 Springview Parkway,San Diego,CA,92153,02/06/1996,R46121124,11/29/2022
hhunnamc0@bluehost.com,Hinze Hunnam,6828 Caliangt Park,Sacramento,CA,94291,05/13/1970,X24724224,03/19/2024
aortigac1@webs.com,Aindrea Ortiga,5381 Superior Park,Fresno,CA,93786,01/06/1997,B90757856,09/19/2025
tkloskac2@odnoklassniki.ru,Tatiania Kloska,53 Vidon Road,New York City,NY,10099,08/03/1975,R55961799,04/04/2030
aschildc3@google.it,Adriaens Schild,52 Mallory Plaza,Phoenix,AZ,85072,04/25/1955,K03750420,02/18/2021
tguntonc4@usnews.com,Traci Gunton,31223 Victoria Parkway,New York City,NY,10270,09/24/1963,Q43023139,05/01/2025
csideyc5@ameblo.jp,Corenda Sidey,36870 Anhalt Center,New York City,NY,10034,11/11/1988,R97849636,02/08/2029
rkenningtonc6@businesswire.com,Roseanne Kennington,3536 Farragut Plaza,Sacramento,CA,95833,08/13/1970,L64005616,10/22/2021
jrambadtc7@china.com.cn,Jemimah Rambadt,2 Mayer Place,San Jose,CA,95194,04/13/1970,R97675275,02/12/2025
bdec8@ucoz.ru,Beatrix de la Valette Parisot,21 Pierstorff Place,New York City,NY,10014,11/10/1986,D79313694,08/26/2021
gbehningc9@example.com,Grange Behning,3375 Westend Terrace,Buffalo,NY,14215,11/26/1977,S57889655,09/18/2027
ffrydca@usatoday.com,Fergus Fryd,03 Mallory Terrace,Salinas,CA,93907,06/23/1977,X47048873,04/30/2026
hmckibbencb@patch.com,Hendrik McKibben,09966 Transport Alley,Englewood,CO,80150,05/13/1978,V84861737,04/16/2021
wrabbittscc@sohu.com,Waiter Rabbitts,3 Daystar Road,New York City,NY,10160,03/19/1971,B55841514,02/13/2021
mbollamcd@squarespace.com,Mariya Bollam,3 Vidon Alley,Van Nuys,CA,91406,12/15/1991,U68210755,09/02/2023
aminihance@samsung.com,Alisun Minihan,7856 Old Gate Pass,Palmdale,CA,93591,01/22/1969,W63321309,03/09/2024
nhoulsoncf@google.nl,Nicki Houlson,3221 Basil Trail,Peoria,IL,61635,12/30/1965,Z21169263,02/15/2023
bbanbridgecg@weibo.com,Bill Banbridge,34 Jay Hill,New York City,NY,10019,06/30/1979,M75242238,07/07/2023
gpellingarch@blogspot.com,Gal Pellingar,1707 Glacier Hill Lane,Bakersfield,CA,93311,02/19/1977,U89467207,03/10/2022
mrzehorci@oracle.com,Margery Rzehor,29 Londonderry Lane,Bloomington,IL,61709,05/05/1984,F38010951,06/12/2021
aphippincj@cargocollective.com,Alexia Phippin,36 Lakeland Way,Chicago,IL,60646,01/14/1958,A35642403,12/07/2024
dgalletyck@eepurl.com,Dru Gallety,095 Arrowood Center,Scottsdale,AZ,85260,08/08/1968,Y32845835,07/09/2026
kmaclesecl@ft.com,Kareem MacLese,253 Tomscot Way,Syracuse,NY,13205,04/03/1974,P88082322,11/30/2025
rasgodbycm@wsj.com,Renae Asgodby,3284 Briar Crest Plaza,Chicago,IL,60652,03/21/1980,E53428819,02/15/2026
scuercn@squarespace.com,Sarita Cuer,93 Merry Terrace,Van Nuys,CA,91406,05/21/2004,W42217095,04/02/2028
glangwadeco@uol.com.br,Gary Langwade,539 Mifflin Drive,San Francisco,CA,94126,08/24/1997,A83250712,11/22/2026
atironcp@ebay.co.uk,Audra Tiron,4740 Twin Pines Trail,Apache Junction,AZ,85219,07/25/1959,U36848201,03/13/2026
hbutterscq@blogs.com,Hinda Butters,6340 Hollow Ridge Crossing,San Bernardino,CA,92415,11/08/1960,X60089014,08/31/2029
stowsoncr@berkeley.edu,Sansone Towson,07 Ridgeview Center,Modesto,CA,95397,08/07/1998,N75470536,06/09/2023
jveltecs@shop-pro.jp,Jermayne Velte,08598 Clarendon Drive,New York City,NY,10045,03/23/1957,C81423099,04/20/2027
atwinect@odnoklassniki.ru,Abby Twine,65 Duke Street,Torrance,CA,90505,03/12/1958,M49562924,07/28/2021
celamcu@marketwatch.com,Chrystal Elam,9567 Bayside Terrace,Littleton,CO,80126,05/26/1963,H58643589,12/13/2020
cpratleycv@w3.org,Cynde Pratley,06792 Briar Crest Terrace,Brooklyn,NY,11220,07/19/1958,C72843637,02/03/2021
ldemeadcw@forbes.com,Lev Demead,01007 Daystar Park,San Bernardino,CA,92424,01/27/2001,X39521397,01/14/2023
ffoardcx@google.co.uk,Fern Foard,85965 Blue Bill Park Terrace,Riverside,CA,92513,08/11/1972,N29119021,12/01/2026
scruxcy@networksolutions.com,Shem Crux,576 Melby Center,Chicago,IL,60630,12/16/1980,E52977946,06/14/2025
rattawaycz@dagondesign.com,Robyn Attaway,1 Roxbury Park,New York City,NY,10280,09/29/1980,T52164600,04/21/2023
cstatend0@cbslocal.com,Cornelius Staten,4219 Coleman Street,Chicago,IL,60697,05/15/1973,N69321436,07/04/2025
rdunsd1@diigo.com,Rosalinda Duns,67914 Jay Road,Tucson,AZ,85705,09/25/1961,Y96253397,01/10/2024
fkiddsd2@newsvine.com,Fernandina Kidds,73 Dunning Court,New York City,NY,10275,12/04/1995,W09468129,03/01/2021
dmcdonelld3@51.la,Dolly McDonell,0643 Namekagon Terrace,Boulder,CO,80305,09/18/1955,V92649174,05/17/2022
jwantlingd4@soundcloud.com,Jewell Wantling,1 Ryan Way,Jamaica,NY,11480,03/30/1965,C75791538,09/04/2023
hcortind5@devhub.com,Harriet Cortin,8 Luster Court,Anaheim,CA,92812,04/14/1996,M26393246,12/08/2022
efryersd6@dmoz.org,Emmet Fryers,45936 Onsgard Crossing,San Rafael,CA,94913,05/31/2004,B89213095,03/13/2025
tshillinglawd7@unesco.org,Tory Shillinglaw,3 Shelley Parkway,Los Angeles,CA,90010,01/09/1968,J55852544,08/07/2020
ajoblind8@ezinearticles.com,Avrit Joblin,33087 Steensland Pass,Oceanside,CA,92056,07/04/1998,T20113145,01/22/2030
lrattd9@nymag.com,Laure Ratt,096 Declaration Way,Aurora,IL,60505,11/06/1997,S66769773,07/15/2024
rduberryda@sitemeter.com,Ric Duberry,59 Sachs Center,New York City,NY,10009,11/07/2001,Y47093435,05/26/2027
ccasarodb@storify.com,Christalle Casaro,98326 Atwood Terrace,Aurora,CO,80044,02/22/1987,G43104222,12/14/2026
pwalcardc@omniture.com,Peadar Walcar,3928 Gateway Park,New York City,NY,10160,11/16/1977,I58656951,04/28/2029
adinjesdd@stanford.edu,Alvira Dinjes,7631 Toban Junction,Van Nuys,CA,91411,02/25/1982,B50125330,02/09/2025
cwellbelovedde@privacy.gov.au,Carlina Wellbeloved,4586 Magdeline Trail,Jamaica,NY,11436,12/09/1963,G27691144,08/01/2028
abenmoredf@home.pl,Auroora Benmore,61948 Forest Pass,Los Angeles,CA,90101,10/29/2004,X06235729,06/15/2028
rkilohdg@blinklist.com,Ree Kiloh,4 Gale Way,Santa Monica,CA,90410,04/13/1984,X89713731,12/05/2027
xsparhamdh@angelfire.com,Xerxes Sparham,957 Namekagon Avenue,Los Angeles,CA,90076,03/09/1976,W96874233,10/31/2026
nrooperdi@discuz.net,Noreen Rooper,0 Morrow Place,Bakersfield,CA,93311,07/20/1957,Y54481419,03/04/2026
eklauberdj@blogger.com,Ellswerth Klauber,13537 Di Loreto Center,Denver,CO,80235,09/17/1966,F08717763,11/06/2022
skaufmandk@sun.com,Sioux Kaufman,3260 Hayes Point,Phoenix,AZ,85015,02/28/1998,T22294842,05/21/2027
jpeardl@scientificamerican.com,Jerome Pear,3 Green Ridge Alley,White Plains,NY,10606,06/19/1980,X29050112,01/10/2023
vgreedierdm@prnewswire.com,Vernor Greedier,1 Springs Center,San Diego,CA,92170,08/03/1996,C42446443,04/04/2027
bligoedn@dedecms.com,Baryram Ligoe,903 3rd Court,Colorado Springs,CO,80951,08/12/1982,H40863851,07/26/2025
rcausbydo@hibu.com,Reena Causby,6192 Truax Parkway,Salinas,CA,93907,03/02/1989,L64920875,11/24/2020
clefwichdp@bigcartel.com,Clevey Lefwich,727 Grover Parkway,Glendale,AZ,85305,12/20/1989,N56295365,08/10/2028
slowndesdq@foxnews.com,Shelbi Lowndes,61 Aberg Lane,Orange,CA,92862,07/22/1957,F30672283,10/28/2021
mgaitherdr@yahoo.co.jp,Marie-jeanne Gaither,55 Oakridge Pass,Oakland,CA,94616,01/21/1985,W76477139,08/14/2023
kkinningleyds@cnn.com,Kerrie Kinningley,0236 Everett Park,Chico,CA,95973,11/12/1995,R05620122,12/15/2026
hsilvestondt@hostgator.com,Hurleigh Silveston,5647 Bluejay Way,Oakland,CA,94660,11/18/1956,Y04559749,04/21/2030
fpreatordu@ameblo.jp,Franzen Preator,8 Fordem Place,Stockton,CA,95298,03/11/1960,H05489418,08/23/2021
rdregandv@canalblog.com,Rhody Dregan,3 Hansons Hill,Escondido,CA,92030,08/06/1976,Z80001397,10/04/2021
